<?xml version="1.0" encoding="UTF-8"?><rss version="2.0"
	xmlns:content="http://purl.org/rss/1.0/modules/content/"
	xmlns:dc="http://purl.org/dc/elements/1.1/"
	xmlns:atom="http://www.w3.org/2005/Atom"
	xmlns:sy="http://purl.org/rss/1.0/modules/syndication/"
	
	>
<channel>
	<title>
	Comments for Gaming License	</title>
	<atom:link href="/comments/feed/" rel="self" type="application/rss+xml" />
	<link></link>
	<description>How To Get Your Gambling Business Started</description>
	<lastBuildDate>Thu, 09 Dec 2021 09:11:22 +0000</lastBuildDate>
	<sy:updatePeriod>
	hourly	</sy:updatePeriod>
	<sy:updateFrequency>
	1	</sy:updateFrequency>
	<generator>https://wordpress.org/?v=5.8.2</generator>
	<item>
		<title>
		Comment on Hello world! by A WordPress Commenter		</title>
		<link>/2021/12/09/hello-world/#comment-2</link>

		<dc:creator><![CDATA[A WordPress Commenter]]></dc:creator>
		<pubDate>Thu, 09 Dec 2021 09:11:22 +0000</pubDate>
		<guid isPermaLink="false">/2021/12/09/hello-world/#comment-2</guid>

					<description><![CDATA[Hi, this is a comment.
To get started with moderating, editing, and deleting comments, please visit the Comments screen in the dashboard.
Commenter avatars come from &lt;a href=&quot;https://gravatar.com&quot;/ rel=&quot;nofollow ugc&quot;&gt;Gravatar&lt;/a&gt;.]]></description>
			<content:encoded><![CDATA[<p>Hi, this is a comment.<br />
To get started with moderating, editing, and deleting comments, please visit the Comments screen in the dashboard.<br />
Commenter avatars come from <a href="https://gravatar.com/" rel="nofollow ugc">Gravatar</a>.</p>
]]></content:encoded>
		
			</item>
	</channel>
</rss>
